Appliances,"1.7 Cubic Foot Compact ""Cube"" Office Refrigerators"
Appliances,3.6 Cubic Foot Counter Height Office Refrigerator
Appliances,3M Office Air Cleaner
Appliances,Acco 6 Outlet Guardian Premium Surge Suppressor
Appliances,"Acco Six-Outlet Power Strip, 4' Cord Length"
Appliances,Acco Smartsocket® Color-Coded Six-Outlet AC Adapter Model Surge Protectors
Appliances,"Acco Smartsocket™ Table Surge Protector, 6 Color-Coded Adapter Outlets"
Appliances,APC 7 Outlet Network SurgeArrest Surge Protector
Appliances,Avanti 1.7 Cu. Ft. Refrigerator
Appliances,Avanti 4.4 Cu. Ft. Refrigerator
Appliances,"Belkin 325VA UPS Surge Protector, 6'"
Appliances,Belkin 5 Outlet SurgeMaster™ Power Centers
Appliances,Belkin 6 Outlet Metallic Surge Strip
Appliances,Belkin 7 Outlet SurgeMaster Surge Protector with Phone Protection
Appliances,Belkin 8 Outlet SurgeMaster II Gold Surge Protector
Appliances,Belkin 8 Outlet SurgeMaster II Gold Surge Protector with Phone Protection
Appliances,Belkin 8 Outlet Surge Protector
Appliances,Belkin F5C206VTEL 6 Outlet Surge
Appliances,Belkin F9M820V08 8 Outlet Surge
Appliances,Belkin Premiere Surge Master II 8-outlet surge protector
Appliances,Bionaire 99.97% HEPA Air Cleaner
Appliances,Bionaire Personal Warm Mist Humidifier/Vaporizer
Appliances,"Bravo II™ Megaboss® 12-Amp Hard Body Upright, Replacement Belts, 2 Belts per Pack"
Appliances,"Conquest™ 14 Commercial Heavy-Duty Upright Vacuum, Collection System, Accessory Kit"
Appliances,Eureka Disposable Bags for Sanitaire® Vibra Groomer I® Upright Vac
Appliances,"Eureka Hand Vacuum, Bagless"
Appliances,"Eureka Sanitaire ® Multi-Pro Heavy-Duty Upright, Disposable Bags"
Appliances,Eureka The Boss® Cordless Rechargeable Stick Vac
Appliances,"Eureka The Boss® Plus 12-Amp Hard Box Upright Vacuum, Red"
Appliances,Euro Pro Shark Stick Mini Vacuum
Appliances,Fellowes 8 Outlet Superior Workstation Surge Protector
Appliances,Fellowes 8 Outlet Superior Workstation Surge Protector w/o Phone/Fax/Modem Protection
Appliances,Fellowes Command Center 5-outlet power strip
Appliances,Fellowes Mighty 8 Compact Surge Protector
Appliances,"Fellowes Premier Superior Surge Suppressor, 10-Outlet, With Phone and Remote"
Appliances,"Fellowes Smart Surge Ten-Outlet Protector, Platinum"
Appliances,Fellowes Superior 10 Outlet Split Surge Protector
Appliances,Harmony HEPA Quiet Air Purifiers
Appliances,Holmes 99% HEPA Air Purifier
Appliances,"Holmes Cool Mist Humidifier for the Whole House with 8-Gallon Output per Day, Extended Life Filter"
Appliances,Holmes Harmony HEPA Air Purifier for 17 x 20 Room
Appliances,Holmes HEPA Air Purifier
Appliances,Holmes Odor Grabber
Appliances,"Holmes Replacement Filter for HEPA Air Cleaner, Large Room"
Appliances,"Holmes Replacement Filter for HEPA Air Cleaner, Medium Room"
Appliances,"Holmes Replacement Filter for HEPA Air Cleaner, Very Large Room, HEPA Filter"
Appliances,Honeywell Enviracaire® Portable Air Cleaner for up to 8 x 10 Room
Appliances,Honeywell Enviracaire Portable HEPA Air Cleaner for 17' x 22' Room
Appliances,Honeywell Enviracaire® Portable HEPA Air Cleaner for up to 10 x 16 Room
Appliances,Honeywell Quietcare HEPA Air Cleaner
Appliances,Hoover® Commercial Lightweight Upright Vacuum
Appliances,Hoover Commercial Lightweight Upright Vacuum with E-Z Empty™ Dirt Cup
Appliances,Hoover Commercial Soft Guard Upright Vacuum And Disposable Filtration Bags
Appliances,Hoover Portapower™ Portable Vacuum
Appliances,Hoover Replacement Belt for Commercial Guardsman Heavy-Duty Upright Vacuum
Appliances,"Hoover Replacement Belts For Soft Guard™ & Commercial Ltweight Upright Vacs, 2/Pk"
Appliances,Hoover Upright Vacuum With Dirt Cup
Appliances,Hoover WindTunnel™ Plus Canister Vacuum
Appliances,Kensington 4 Outlet MasterPiece® Compact Power Control Center
Appliances,Kensington 6 Outlet Guardian Standard Surge Protector
Appliances,Kensington 6 Outlet MasterPiece® HOMEOFFICE Power Control Center
Appliances,Kensington 6 Outlet SmartSocket Surge Protector
Appliances,Kensington 7 Outlet MasterPiece® HOMEOFFICE Power Control Center
Appliances,Kensington 7 Outlet MasterPiece Power Center
Appliances,Kensington 7 Outlet MasterPiece Power Center with Fax/Phone Line Protection
Appliances,Sanyo 2.5 Cubic Foot Mid-Size Office Refrigerators
Appliances,"Sanyo Counter Height Refrigerator with Crisper, 3.6 Cubic Foot, Stainless Steel/Black"
Appliances,Staples 4 Outlet Surge Protector
Appliances,Staples 6 Outlet Surge
Appliances,Staples Surge Protector 6 outlet
Appliances,Tripp Lite Isotel 6 Outlet Surge Protector with Fax/Modem Protection
Appliances,Tripp Lite Isotel 8 Ultra 8 Outlet Metal Surge
Binders and Binder Accessories,3M Organizer Strips
Binders and Binder Accessories,Acco 3-Hole Punch
Binders and Binder Accessories,Acco D-Ring Binder w/DublLock®
Binders and Binder Accessories,"Acco Four Pocket Poly Ring Binder with Label Holder, Smoke, 1"""
Binders and Binder Accessories,"ACCOHIDE® 3-Ring Binder, Blue, 1"""
Binders and Binder Accessories,ACCOHIDE® Binder by Acco
Binders and Binder Accessories,Accohide Poly Flexible Ring Binders
Binders and Binder Accessories,"Acco Pressboard Covers with Storage Hooks, 14 7/8"" x 11"", Dark Blue"
Binders and Binder Accessories,"Acco Pressboard Covers with Storage Hooks, 14 7/8"" x 11"", Executive Red"
Binders and Binder Accessories,"Acco Pressboard Covers with Storage Hooks, 14 7/8"" x 11"", Light Blue"
Binders and Binder Accessories,"Acco PRESSTEX® Data Binder with Storage Hooks, Dark Blue, 14 7/8"" X 11"""
Binders and Binder Accessories,"Acco PRESSTEX® Data Binder with Storage Hooks, Dark Blue, 9 1/2"" X 11"""
Binders and Binder Accessories,"Acco Recycled 2"" Capacity Laser Printer Hanging Data Binders"
Binders and Binder Accessories,Acco Suede Grain Vinyl Round Ring Binder
Binders and Binder Accessories,"Angle-D Binders with Locking Rings, Label Holders"
Binders and Binder Accessories,"Avery® 3 1/2"" Diskette Storage Pages, 10/Pack"
Binders and Binder Accessories,Avery Arch Ring Binders
Binders and Binder Accessories,Avery Binder Labels
Binders and Binder Accessories,Avery Binding System Hidden Tab™ Executive Style Index Sets
Binders and Binder Accessories,Avery Durable Binders
Binders and Binder Accessories,"Avery® Durable Plastic 1"" Binders"
Binders and Binder Accessories,Avery Durable Poly Binders
Binders and Binder Accessories,Avery® Durable Slant Ring Binders With Label Holder
Binders and Binder Accessories,"Avery Flip-Chart Easel Binder, Black"
Binders and Binder Accessories,Avery Hanging File Binders
Binders and Binder Accessories,Avery Heavy-Duty EZD ™ Binder With Locking Rings
Binders and Binder Accessories,Avery Hole Reinforcements
Binders and Binder Accessories,Avery Legal 4-Ring Binder
Binders and Binder Accessories,Avery Non-Stick Binders
Binders and Binder Accessories,Avery Poly Binder Pockets
Binders and Binder Accessories,Avery Premier Heavy-Duty Binder with Round Locking Rings
Binders and Binder Accessories,Avery Printable Repositionable Plastic Tabs
Binders and Binder Accessories,Avery Reinforcements for Hole-Punch Pages
Binders and Binder Accessories,Avery Round Ring Poly Binders
Binders and Binder Accessories,Avery Self-Adhesive Photo Pockets for Polaroid Photos
Binders and Binder Accessories,"Avery Trapezoid Extra Heavy Duty 4"" Binders"
Binders and Binder Accessories,"Avery Trapezoid Ring Binder, 3"" Capacity, Black, 1040 sheets"
Binders and Binder Accessories,Binder Posts
Binders and Binder Accessories,Binding Machine Supplies
Binders and Binder Accessories,Cardinal Holdit Business Card Pockets
Binders and Binder Accessories,Cardinal Poly Pocket Divider Pockets for Ring Binders
Binders and Binder Accessories,"Cardinal Slant-D® Ring Binder, Heavy Gauge Vinyl"
Binders and Binder Accessories,Catalog Binders with Expanding Posts
Binders and Binder Accessories,"C-Line Peel & Stick Add-On Filing Pockets, 8-3/4 x 5-1/8, 10/Pack"
Binders and Binder Accessories,Computer Printout Index Tabs
Binders and Binder Accessories,Durable Pressboard Binders
Binders and Binder Accessories,"DXL™ Angle-View Binders with Locking Rings, Black"
Binders and Binder Accessories,Economy Binders
Binders and Binder Accessories,Fellowes Binding Cases
Binders and Binder Accessories,Fellowes Black Plastic Comb Bindings
Binders and Binder Accessories,Fellowes PB300 Plastic Comb Binding Machine
Binders and Binder Accessories,Fellowes PB500 Electric Punch Plastic Comb Binding Machine with Manual Bind
Binders and Binder Accessories,"Fellowes Twister Kit, Gray/Clear, 3/pkg"
Binders and Binder Accessories,Flexible Leather- Look Classic Collection Ring Binder
Binders and Binder Accessories,GBC Binding covers
Binders and Binder Accessories,"GBC Clear Cover, 8-1/2 x 11, unpunched, 25 covers per pack"
Binders and Binder Accessories,GBC DocuBind 200 Manual Binding Machine
Binders and Binder Accessories,GBC DocuBind 300 Electric Binding Machine
Binders and Binder Accessories,GBC DocuBind P100 Manual Binding Machine
Binders and Binder Accessories,GBC DocuBind P50 Personal Binding Machine
Binders and Binder Accessories,GBC DocuBind TL200 Manual Binding Machine
Binders and Binder Accessories,GBC DocuBind TL300 Electric Binding System
Binders and Binder Accessories,GBC Durable Plastic Covers
Binders and Binder Accessories,GBC Imprintable Covers
Binders and Binder Accessories,GBC Instant Index™ System for Binding Systems
Binders and Binder Accessories,"GBC Laser Imprintable Binding System Covers, Desert Sand"
Binders and Binder Accessories,GBC Linen Binding Covers
Binders and Binder Accessories,GBC Plastic Binding Combs
Binders and Binder Accessories,GBC Poly Designer Binding Covers
Binders and Binder Accessories,"GBC Pre-Punched Binding Paper, Plastic, White, 8-1/2"" x 11"""
Binders and Binder Accessories,"GBC Prepunched Paper, 19-Hole, for Binding Systems, 24-lb"
Binders and Binder Accessories,GBC ProClick™ 150 Presentation Binding System
Binders and Binder Accessories,GBC ProClick Punch Binding System
Binders and Binder Accessories,GBC ProClick Spines for 32-Hole Punch
Binders and Binder Accessories,GBC Recycled Grain Textured Covers
Binders and Binder Accessories,GBC Recycled Regency Composition Covers
Binders and Binder Accessories,GBC Standard Plastic Binding Systems Combs
Binders and Binder Accessories,GBC Standard Plastic Binding Systems' Combs
Binders and Binder Accessories,GBC Standard Therm-A-Bind Covers
Binders and Binder Accessories,GBC Therma-A-Bind 250T Electric Binding System
Binders and Binder Accessories,"GBC Twin Loop™ Wire Binding Elements, 9/16"" Spine, Black"
Binders and Binder Accessories,GBC VeloBinder Electric Binding Machine
Binders and Binder Accessories,GBC VeloBinder Strips
Binders and Binder Accessories,"GBC White Gloss Covers, Plain Front"
Binders and Binder Accessories,GBC Wire Binding Strips
Binders and Binder Accessories,Heavy-Duty E-Z-D® Binders
Binders and Binder Accessories,Ibico Covers for Plastic or Wire Binding Elements
Binders and Binder Accessories,Ibico EB-19 Dual Function Manual Binding System
Binders and Binder Accessories,Ibico EPK-21 Electric Binding System
Binders and Binder Accessories,Ibico Hi-Tech Manual Binding System
Binders and Binder Accessories,Ibico Ibimaster 300 Manual Binding System
Binders and Binder Accessories,Ibico Laser Imprintable Binding System Covers
Binders and Binder Accessories,Ibico Presentation Index for Binding Systems
Binders and Binder Accessories,Ibico Recycled Linen-Style Covers
Binders and Binder Accessories,JM Magazine Binder
Binders and Binder Accessories,Large Capacity Hanging Post Binders
Binders and Binder Accessories,Lock-Up Easel 'Spel-Binder'
Binders and Binder Accessories,"Mead 1st Gear 2"" Zipper Binder, Asst. Colors"
Binders and Binder Accessories,Newell® 3-Hole Punched Plastic Slotted Magazine Holders for Binders
Binders and Binder Accessories,Peel & Stick Add-On Corner Pockets
Binders and Binder Accessories,Plastic Binding Combs
Binders and Binder Accessories,Poly Designer Cover & Back
Binders and Binder Accessories,"Premier Elliptical Ring Binder, Black"
Binders and Binder Accessories,Premium Transparent Presentation Covers by GBC
Binders and Binder Accessories,"Pressboard Covers with Storage Hooks, 9 1/2"" x 11"", Light Blue"
Binders and Binder Accessories,"Pressboard Data Binder, Crimson, 12"" X 8 1/2"""
Binders and Binder Accessories,Presstex Flexible Ring Binders
Binders and Binder Accessories,Recycled Premium Regency Composition Covers
Binders and Binder Accessories,Round Ring Binders
Binders and Binder Accessories,Satellite Sectional Post Binders
Binders and Binder Accessories,Self-Adhesive Ring Binder Labels
Binders and Binder Accessories,Staples® General Use 3-Ring Binders
Binders and Binder Accessories,Storex Dura Pro™ Binders
Binders and Binder Accessories,Storex DuraTech Recycled Plastic Frosted Binders
Binders and Binder Accessories,Surelock™ Post Binders
Binders and Binder Accessories,Trimflex™ Flexible Post Binders
Binders and Binder Accessories,Tuff Stuff™ Recycled Round Ring Binders
Binders and Binder Accessories,UniKeep™ View Case Binders
Binders and Binder Accessories,Vinyl Sectional Post Binders
Binders and Binder Accessories,Wilson Jones 14 Line Acrylic Coated Pressboard Data Binders
Binders and Binder Accessories,"Wilson Jones 1"" Hanging DublLock® Ring Binders"
Binders and Binder Accessories,Wilson Jones Custom Binder Spines & Labels
Binders and Binder Accessories,Wilson Jones DublLock® D-Ring Binders
Binders and Binder Accessories,Wilson Jones Easy Flow II™ Sheet Lifters
Binders and Binder Accessories,"Wilson Jones Elliptical Ring 3 1/2"" Capacity Binders, 800 sheets"
Binders and Binder Accessories,Wilson Jones® Four-Pocket Poly Binders
Binders and Binder Accessories,"Wilson Jones Hanging View Binder, White, 1"""
Binders and Binder Accessories,Wilson Jones Impact Binders
Binders and Binder Accessories,"Wilson Jones Ledger-Size, Piano-Hinge Binder, 2"", Blue"
Binders and Binder Accessories,Wilson Jones “Snap” Scratch Pad Binder Tool for Ring Binders
Binders and Binder Accessories,Wilson Jones Standard D-Ring Binders
Binders and Binder Accessories,Wilson Jones Suede Grain Vinyl Binders
Binders and Binder Accessories,Wilson Jones Turn Tabs Binder Tool for Ring Binders
Binders and Binder Accessories,XtraLife® ClearVue™ Slant-D® Ring Binders by Cardinal
Bookcases,"Atlantic Metals Mobile 2-Shelf Bookcases, Custom Colors"
Bookcases,"Atlantic Metals Mobile 3-Shelf Bookcases, Custom Colors"
Bookcases,"Atlantic Metals Mobile 5-Shelf Bookcases, Custom Colors"
Bookcases,"Bush Cubix Collection Bookcases, Fully Assembled"
Bookcases,"Bush Heritage Pine Collection 5-Shelf Bookcase, Albany Pine Finish, *Special Order"
Bookcases,Bush Mission Pointe Library
Bookcases,"Bush Westfield Collection Bookcases, Dark Cherry Finish, Fully Assembled"
Bookcases,"Bush Westfield Collection Bookcases, Fully Assembled"
Bookcases,DMI Eclipse Executive Suite Bookcases
Bookcases,Hon 4-Shelf Metal Bookcases
Bookcases,"Hon Metal Bookcases, Black"
Bookcases,"Hon Metal Bookcases, Putty"
Bookcases,O'Sullivan 2-Shelf Heavy-Duty Bookcases
Bookcases,O'Sullivan 3-Shelf Heavy-Duty Bookcases
Bookcases,O'Sullivan 4-Shelf Bookcase in Odessa Pine
Bookcases,O'Sullivan 5-Shelf Heavy-Duty Bookcases
Bookcases,O'Sullivan Cherrywood Estates Traditional Barrister Bookcase
Bookcases,"O'Sullivan Elevations Bookcase, Cherry Finish"
Bookcases,O'Sullivan Living Dimensions 2-Shelf Bookcases
Bookcases,O'Sullivan Living Dimensions 3-Shelf Bookcases
Bookcases,O'Sullivan Manor Hill 2-Door Library in Brianna Oak
Bookcases,"Riverside Palais Royal Lawyers Bookcase, Royale Cherry Finish"
Bookcases,"Rush Hierlooms Collection 1"" Thick Stackable Bookcases"
Bookcases,Rush Hierlooms Collection Rich Wood Bookcases
Bookcases,"Safco Value Mate Steel Bookcase, Baked Enamel Finish on Steel, Black"
Bookcases,"Sauder Camden County Barrister Bookcase, Planked Cherry Finish"
Bookcases,"Sauder Camden County Collection Libraries, Planked Cherry Finish"
Bookcases,Sauder Camden County Collection Library
Bookcases,"Sauder Facets Collection Library, Sky Alder Finish"
Bookcases,"Sauder Forest Hills Library, Woodland Oak Finish"
Chairs & Chairmats,Bevis Steel Folding Chairs
Chairs & Chairmats,DMI Arturo Collection Mission-style Design Wood Chair
Chairs & Chairmats,"Global Airflow Leather Mesh Back Chair, Black"
Chairs & Chairmats,Global Comet™ Stacking Armless Chair
Chairs & Chairmats,Global Commerce™ Series High-Back Swivel/Tilt Chairs
Chairs & Chairmats,Global Deluxe High-Back Office Chair in Storm
Chairs & Chairmats,Global Deluxe Office Fabric Chairs
Chairs & Chairmats,"Global Deluxe Stacking Chair, Gray"
Chairs & Chairmats,Global Enterprise Series Seating High-Back Swivel/Tilt Chairs
Chairs & Chairmats,Global Enterprise™ Series Seating Low-Back Swivel/Tilt Chairs
Chairs & Chairmats,Global Ergonomic Managers Chair
Chairs & Chairmats,"Global High-Back Leather Tilter, Burgundy"
Chairs & Chairmats,"Global Leather and Oak Executive Chair, Black"
Chairs & Chairmats,Global Leather Executive Chair
Chairs & Chairmats,"Global Leather Highback Executive Chair with Pneumatic Height Adjustment, Black"
Chairs & Chairmats,"Global Leather & Oak Executive Chair, Burgundy"
Chairs & Chairmats,"Global Leather Task Chair, Black"
Chairs & Chairmats,"Global Push Button Manager's Chair, Indigo"
Chairs & Chairmats,"Global Stack Chair without Arms, Black"
Chairs & Chairmats,Global Troy™ Executive Leather Low-Back Tilter
Chairs & Chairmats,Hon 2090 “Pillow Soft” Series Mid Back Swivel/Tilt Chairs
Chairs & Chairmats,Hon 4070 Series Pagoda™ Armless Upholstered Stacking Chairs
Chairs & Chairmats,Hon 4070 Series Pagoda™ Round Back Stacking Chairs
Chairs & Chairmats,Hon 4700 Series Mobuis™ Mid-Back Task Chairs with Adjustable Arms
Chairs & Chairmats,Hon Comfortask® Task/Swivel Chairs
Chairs & Chairmats,Hon Deluxe Fabric Upholstered Stacking Chairs
Chairs & Chairmats,"Hon Deluxe Fabric Upholstered Stacking Chairs, Rounded Back"
Chairs & Chairmats,Hon Every-Day® Chair Series Swivel Task Chairs
Chairs & Chairmats,Hon GuestStacker Chair
Chairs & Chairmats,Hon Multipurpose Stacking Arm Chairs
Chairs & Chairmats,Hon Olson Stacker Stools
Chairs & Chairmats,Hon Pagoda™ Stacking Chairs
Chairs & Chairmats,Hon Valutask™ Swivel Chairs
Chairs & Chairmats,"Lifetime Advantage™ Folding Chairs, 4/Carton"
Chairs & Chairmats,"Metal Folding Chairs, Beige, 4/Carton"
Chairs & Chairmats,Novimex Fabric Task Chair
Chairs & Chairmats,Novimex High-Tech Fabric Mesh Task Chair
Chairs & Chairmats,Novimex Swivel Fabric Task Chair
Chairs & Chairmats,Novimex Turbo Task Chair
Chairs & Chairmats,"Office Star - Contemporary Task Swivel chair with 2-way adjustable arms, Plum"
Chairs & Chairmats,Office Star - Ergonomic Mid Back Chair with 2-Way Adjustable Arms
Chairs & Chairmats,Office Star Flex Back Scooter Chair with Aluminum Finish Frame
Chairs & Chairmats,Office Star Flex Back Scooter Chair with White Frame
Chairs & Chairmats,Office Star - Mid Back Dual function Ergonomic High Back Chair with 2-Way Adjustable Arms
Chairs & Chairmats,Office Star - Professional Matrix Back Chair with 2-to-1 Synchro Tilt and Mesh Fabric Seat
Chairs & Chairmats,Office Star - Task Chair with Contemporary Loop Arms
Chairs & Chairmats,SAFCO Arco Folding Chair
Chairs & Chairmats,Safco Contoured Stacking Chairs
Chairs & Chairmats,SAFCO Folding Chair Trolley
Chairs & Chairmats,SAFCO Optional Arm Kit for Workspace® Cribbage Stacking Chair
Chairs & Chairmats,"Situations Contoured Folding Chairs, 4/Set"
Computer Peripherals,"3.5"" IBM Formatted Diskettes, DS/HD"
Computer Peripherals,"80 Minute CD-R Spindle, 100/Pack - Staples"
Computer Peripherals,"80 Minute Slim Jewel Case CD-R , 10/Pack - Staples"
Computer Peripherals,Acco Keyboard-In-A-Box®
Computer Peripherals,Adesso Programmable 142-Key Keyboard
Computer Peripherals,BASF Silver 74 Minute CD-R
Computer Peripherals,Belkin 105-Key Black Keyboard
Computer Peripherals,"Belkin 107-key enhanced keyboard, USB/PS/2 interface"
Computer Peripherals,Belkin ErgoBoard™ Keyboard
Computer Peripherals,Belkin MediaBoard 104- Keyboard
Computer Peripherals,"DS/HD IBM Formatted Diskettes, 10/Pack - Staples"
Computer Peripherals,"DS/HD IBM Formatted Diskettes, 200/Pack - Staples"
Computer Peripherals,Fellowes 17-key keypad for PS/2 interface
Computer Peripherals,"Fellowes Basic 104-Key Keyboard, Platinum"
Computer Peripherals,Fellowes EZ Multi-Media Keyboard
Computer Peripherals,"Fellowes Internet Keyboard, Platinum"
Computer Peripherals,"Fellowes Mobile Numeric Keypad, Graphite"
Computer Peripherals,"Fellowes Smart Design 104-Key Enhanced Keyboard, PS/2 Adapter, Platinum"
Computer Peripherals,Fuji 5.2GB DVD-RAM
Computer Peripherals,Fuji Slim Jewel Case CD-R
Computer Peripherals,Gyration RF Keyboard
Computer Peripherals,Gyration Ultra Cordless Optical Suite
Computer Peripherals,Gyration Ultra Professional Cordless Optical Suite
Computer Peripherals,Hayes Optima 56K V.90 Internal Voice Modem
Computer Peripherals,Hewlett-Packard 4.7GB DVD+R Discs
Computer Peripherals,"IBM 3.5"" DS/HD IBM Formatted Diskettes, 50/Pack"
Computer Peripherals,"IBM 80 Minute CD-R Spindle, 50/Pack"
Computer Peripherals,"IBM Active Response Keyboard, Black"
Computer Peripherals,"IBM Numeric Access II Keypad, 17-Key, Black"
Computer Peripherals,"Imation 3.5, DISKETTE 44766 HGHLD3.52HD/FM, 10/Pack"
Computer Peripherals,"Imation 3.5"", DISKETTE 44766 HGHLD3.52HD/FM, 10/Pack"
Computer Peripherals,"Imation 3.5"" Diskettes, IBM Format, DS/HD, 10/Box, Neon"
Computer Peripherals,"Imation 3.5"" DS/HD IBM Formatted Diskettes, 10/Pack"
Computer Peripherals,"Imation 3.5"" DS/HD IBM Formatted Diskettes, 50/Pack"
Computer Peripherals,"Imation 3.5"" DS-HD Macintosh Formatted Diskettes, 10/Pack"
Computer Peripherals,"Imation 3.5 IBM Diskettes, 10/Box"
Computer Peripherals,"Imation 3.5 IBM Formatted Diskettes, 10/Box"
Computer Peripherals,"Imation 3.5"" IBM-Formatted Diskettes, 10/Pack"
Computer Peripherals,"Imation 3.5"", RTS 247544 3M 3.5 DSDD, 10/Pack"
Computer Peripherals,"Imation 3.5"" Unformatted DS/HD Diskettes, 10/Box"
Computer Peripherals,Imation 5.2GB DVD-RAM
Computer Peripherals,Imation DVD-RAM discs
Computer Peripherals,"Imation IBM Formatted Diskettes, 100/Pack"
Computer Peripherals,"Imation Neon 80 Minute CD-R Spindle, 50/Pack"
Computer Peripherals,"Imation Neon Mac Format Diskettes, 10/Pack"
Computer Peripherals,"Imation Primaris 3.5"" 2HD Unformatted Diskettes, 10/Pack"
Computer Peripherals,"Imation Printable White 80 Minute CD-R Spindle, 50/Pack"
Computer Peripherals,Keytronic 105-Key Spanish Keyboard
Computer Peripherals,Keytronic Designer 104- Key Black Keyboard
Computer Peripherals,Keytronic French Keyboard
Computer Peripherals,Logitech Access Keyboard
Computer Peripherals,Logitech Cordless Access Keyboard
Computer Peripherals,Logitech Cordless Elite Duo
Computer Peripherals,Logitech Cordless Keyboard
Computer Peripherals,Logitech Cordless Navigator Duo
Computer Peripherals,Logitech Internet Navigator Keyboard
Computer Peripherals,"Maxell 3.5"" DS/HD IBM-Formatted Diskettes, 10/Pack"
Computer Peripherals,Maxell 4.7GB DVD-R
Computer Peripherals,Maxell DVD-RAM Discs
Computer Peripherals,"Maxell Pro 80 Minute CD-R, 10/Pack"
Computer Peripherals,"Memorex 4.7GB DVD+R, 3/Pack"
Computer Peripherals,"Memorex 4.7GB DVD-RAM, 3/Pack"
Computer Peripherals,"Memorex 4.7GB DVD+RW, 3/Pack"
Computer Peripherals,"Memorex 80 Minute CD-R, 30/Pack"
Computer Peripherals,"Memorex 80 Minute CD-R Spindle, 100/Pack"
Computer Peripherals,"Memorex 'Cool' 80 Minute CD-R Spindle, 25/Pack"
Computer Peripherals,"Memorex Slim 80 Minute CD-R, 10/Pack"
Computer Peripherals,Micro Innovations 104 Keyboard
Computer Peripherals,Micro Innovations Media Access Pro Keyboard
Computer Peripherals,"Micro Innovations Micro 3000 Keyboard, Black"
Computer Peripherals,"Micro Innovations Micro Digital Wireless Keyboard and Mouse, Gray"
Computer Peripherals,Microsoft Internet Keyboard
Computer Peripherals,Microsoft Multimedia Keyboard
Computer Peripherals,Microsoft Natural Keyboard Elite
Computer Peripherals,Microsoft Natural Multimedia Keyboard
Computer Peripherals,Microsoft Office Keyboard
Computer Peripherals,Motorola SB4200 Cable Modem
Computer Peripherals,Nu-Form 106-Key Ergonomic Keyboard w/ Touchpad
Computer Peripherals,PC Concepts 116 Key Quantum 3000 Keyboard
Computer Peripherals,"Sony IBM Color Diskettes, 25/Pack"
Computer Peripherals,"Sony MFD2HD Formatted Diskettes, 10/Pack"
Computer Peripherals,Targus USB Numeric Keypad
Computer Peripherals,TDK 4.7GB DVD-R
Computer Peripherals,"TDK 4.7GB DVD-R Spindle, 15/Pack"
Computer Peripherals,TDK 4.7GB DVD+RW
Computer Peripherals,U.S. Robotics 56K Internet Call Modem
Computer Peripherals,US Robotics 56K V.92 External Faxmodem
Computer Peripherals,US Robotics 56K V.92 Internal PCI Faxmodem
Computer Peripherals,Verbatim 4.7GB DVD-R
Computer Peripherals,"Verbatim DVD-R, 3.95GB, SR, Mitsubishi Branded, Jewel"
Computer Peripherals,Verbatim DVD-R 4.7GB authoring disc
Computer Peripherals,"Verbatim DVD-R, 4.7GB, Spindle, WE, Blank, Ink Jet/Thermal, 20/Spindle"
Computer Peripherals,"Verbatim DVD-RAM, 5.2GB, Rewritable, Type 1, DS"
Computer Peripherals,"Verbatim DVD-RAM, 9.4GB, Rewritable, Type 1, DS, DataLife Plus"
Computer Peripherals,"Verbatim DVD Rewritable Disc, Single-Sided, 4.7GB"
Computer Peripherals,Zoom V.92 USB External Faxmodem
Computer Peripherals,Zoom V.92 V.44 PCI Internal Controllerless FaxModem
Copiers and Fax,Brother DCP1000 Digital 3 in 1 Multifunction Machine
Copiers and Fax,Canon imageCLASS 2200 Advanced Copier
Copiers and Fax,Canon Image Class D660 Copier
Copiers and Fax,Canon Imageclass D680 Copier / Fax
Copiers and Fax,Canon PC1060 Personal Laser Copier
Copiers and Fax,Canon PC1080F Personal Copier
Copiers and Fax,Canon PC-428 Personal Copier
Copiers and Fax,Canon PC940 Copier
Copiers and Fax,Hewlett Packard 610 Color Digital Copier / Printer
Copiers and Fax,Hewlett Packard LaserJet 3310 Copier
Copiers and Fax,Sharp 1540cs Digital Laser Copier
Copiers and Fax,Sharp AL-1530CS Digital Copier
Envelopes,"#10-4 1/8"" x 9 1/2"" Premium Diagonal Seam Envelopes"
Envelopes,"#10- 4 1/8"" x 9 1/2"" Recycled Envelopes"
Envelopes,"#10- 4 1/8"" x 9 1/2"" Security-Tint Envelopes"
Envelopes,#10 Self-Seal White Envelopes
Envelopes,"#10 White Business Envelopes,4 1/8 x 9 1/2"
Envelopes,#6 3/4 Gummed Flap White Envelopes
Envelopes,Airmail Envelopes
Envelopes,Ames Color-File® Green Diamond Border X-ray Mailers
Envelopes,Ampad #10 Peel & Seel® Holiday Envelopes
Envelopes,"Blue String-Tie & Button Interoffice Envelopes, 10 x 13"
Envelopes,Brown Kraft Recycled Envelopes
Envelopes,Colored Envelopes
Envelopes,Grip Seal Envelopes
Envelopes,Jet-Pak Recycled Peel 'N' Seal Padded Mailers
Envelopes,Laser & Ink Jet Business Envelopes
Envelopes,Letter or Legal Size Expandable Poly String Tie Envelopes
Envelopes,"Manila Recycled Extra-Heavyweight Clasp Envelopes, 6"" x 9"""
Envelopes,Multimedia Mailers
Envelopes,Park Ridge™ Embossed Executive Business Envelopes
Envelopes,"Peel & Seel® Recycled Catalog Envelopes, Brown"
Envelopes,Quality Park Security Envelopes
Envelopes,"Recycled Interoffice Envelopes with Re-Use-A-Seal® Closure, 10 x 13"
Envelopes,"Recycled Interoffice Envelopes with String and Button Closure, 10 x 13"
Envelopes,Security-Tint Envelopes
Envelopes,Staples #10 Colored Envelopes
Envelopes,"Staples #10 Laser & Inkjet Envelopes, 4 1/8"" x 9 1/2"", 100/Box"
Envelopes,Staples Brown Kraft Recycled Clasp Envelopes
Envelopes,Staples Colored Interoffice Envelopes
Envelopes,Staples Standard Envelopes
Envelopes,"Strathmore #10 Envelopes, Ultimate White"
Envelopes,"Tyvek Interoffice Envelopes, 9 1/2"" x 12 1/2"", 100/Box"
Envelopes,Tyvek® Side-Opening Peel & Seel® Expanding Envelopes
Envelopes,"Tyvek ® Top-Opening Peel & Seel ® Envelopes, Gray"
Envelopes,"Tyvek ® Top-Opening Peel & Seel Envelopes, Plain White"
Envelopes,Wausau Papers Astrobrights® Colored Envelopes
Envelopes,"White Business Envelopes with Contemporary Seam, Recycled White Business Envelopes"
Labels,"Avery 05222 Permanent Self-Adhesive File Folder Labels for Typewriters, on Rolls, White, 250/Roll"
Labels,"Avery 4027 File Folder Labels for Dot Matrix Printers, 5000 Labels per Box, White"
Labels,Avery 474
Labels,Avery 478
Labels,Avery 479
Labels,Avery 48
Labels,Avery 481
Labels,Avery 482
Labels,Avery 484
Labels,Avery 485
Labels,Avery 487
Labels,Avery 49
Labels,Avery 491
Labels,Avery 492
Labels,Avery 493
Labels,Avery 494
Labels,Avery 496
Labels,Avery 497
Labels,Avery 498
Labels,Avery 501
Labels,Avery 503
Labels,Avery 504
Labels,Avery 506
Labels,Avery 507
Labels,Avery 508
Labels,Avery 51
Labels,Avery 510
Labels,Avery 511
Labels,Avery 514
Labels,Avery 516
Labels,Avery 52
Labels,Avery 520
Labels,Avery File Folder Labels
Labels,Avery White Multi-Purpose Labels
Labels,"Dot Matrix Printer Tape Reel Labels, White, 5000/Box"
Labels,Round Specialty Laser Printer Labels
Labels,Self-Adhesive Address Labels for Typewriters by Universal
Labels,Self-Adhesive Removable Labels
Labels,Smead Alpha-Z Color-Coded Name Labels First Letter Starter Set
Labels,*Staples* Packaging Labels
Office Furnishings,12-1/2 Diameter Round Wall Clock
Office Furnishings,36X48 HARDFLOOR CHAIRMAT
Office Furnishings,3M Hangers With Command Adhesive
Office Furnishings,3M Polarizing Light Filter Sleeves
Office Furnishings,"3M Polarizing Task Lamp with Clamp Arm, Light Gray"
Office Furnishings,"6"" Cubicle Wall Clock, Black"
Office Furnishings,9-3/4 Diameter Round Wall Clock
Office Furnishings,"Advantus Employee of the Month Certificate Frame, 11 x 13-1/2"
Office Furnishings,Advantus Panel Wall Acrylic Frame
Office Furnishings,Advantus Panel Wall Certificate Holder - 8.5x11
Office Furnishings,Aluminum Document Frame
Office Furnishings,Artistic Insta-Plaque
Office Furnishings,"Career Cubicle Clock, 8 1/4"", Black"
Office Furnishings,"C-Line Cubicle Keepers Polyproplyene Holder w/Velcro® Back, 8-1/2x11, 25/Bx"
Office Furnishings,Coloredge Poster Frame
Office Furnishings,"Computer Room Manger, 14"""
Office Furnishings,Contemporary Wood/Metal Frame
Office Furnishings,"Dana Fluorescent Magnifying Lamp, White, 36"""
Office Furnishings,Dana Halogen Swing-Arm Architect Lamp
Office Furnishings,Dana Swing-Arm Lamps
Office Furnishings,"DAX Charcoal/Nickel-Tone Document Frame, 5 x 7"
Office Furnishings,DAX Clear Channel Poster Frame
Office Furnishings,"DAX Contemporary Wood Frame with Silver Metal Mat, Desktop, 11 x 14 Size"
Office Furnishings,"DAX Copper Panel Document Frame, 5 x 7 Size"
Office Furnishings,"DAX Cubicle Frames, 8-1/2 x 11"
Office Furnishings,DAX Cubicle Frames - 8x10
Office Furnishings,"DAX Metal Frame, Desktop, Stepped-Edge"
Office Furnishings,DAX Natural Wood-Tone Poster Frame
Office Furnishings,DAX Solid Wood Frames
Office Furnishings,"DAX Two-Tone Rosewood/Black Document Frame, Desktop, 5 x 7"
Office Furnishings,"DAX Value U-Channel Document Frames, Easel Back"
Office Furnishings,DAX Wood Document Frame.
Office Furnishings,DAX Wood Document Frame
Office Furnishings,Deflect-o DuraMat Antistatic Studded Beveled Mat for Medium Pile Carpeting
Office Furnishings,"Deflect-o EconoMat Nonstudded, No Bevel Mat"
Office Furnishings,"Deflect-o EconoMat Studded, No Bevel Mat for Low Pile Carpeting"
Office Furnishings,Deflect-o Glass Clear Studded Chair Mats
Office Furnishings,Deflect-O® Glasstique™ Clear Desk Accessories
Office Furnishings,"Deflect-o RollaMat Studded, Beveled Mat for Medium Pile Carpeting"
Office Furnishings,"Deflect-o SuperTray™ Unbreakable Stackable Tray, Letter, Black"
Office Furnishings,Document Clip Frames
Office Furnishings,Eldon® 200 Class™ Desk Accessories
Office Furnishings,"Eldon® 200 Class™ Desk Accessories, Burgundy"
Office Furnishings,"Eldon® 300 Class™ Desk Accessories, Black"
Office Furnishings,"Eldon® 400 Class™ Desk Accessories, Black Carbon"
Office Furnishings,Eldon® 500 Class™ Desk Accessories
Office Furnishings,Eldon Advantage® Chair Mats for Low to Medium Pile Carpets
Office Furnishings,Eldon Advantage® Foldable Chair Mats for Low Pile Carpets
Office Furnishings,Eldon Antistatic Chair Mats for Low to Medium Pile Carpets
Office Furnishings,Eldon Cleatmat® Chair Mats for Medium Pile Carpets
Office Furnishings,Eldon Cleatmat Plus™ Chair Mats for High Pile Carpets
Office Furnishings,Eldon ClusterMat Chair Mat with Cordless Antistatic Protection
Office Furnishings,"Eldon Delta Triangular Chair Mat, 52"" x 58"", Clear"
Office Furnishings,Eldon Econocleat® Chair Mats for Low Pile Carpets
Office Furnishings,Eldon Executive Woodline II Cherry Finish Desk Accessories
Office Furnishings,"Eldon® Executive Woodline II Desk Accessories, Mahogany"
Office Furnishings,"Eldon Expressions™ Desk Accessory, Wood Pencil Holder, Oak"
Office Furnishings,"Eldon Expressions™ Desk Accessory, Wood Photo Frame, Mahogany"
Office Furnishings,Eldon Expressions Mahogany Wood Desk Collection
Office Furnishings,"Eldon Expressions Punched Metal & Wood Desk Accessories, Black & Cherry"
Office Furnishings,"Eldon Expressions Punched Metal & Wood Desk Accessories, Pewter & Cherry"
Office Furnishings,"Eldon® Expressions™ Wood and Plastic Desk Accessories, Oak"
Office Furnishings,"Eldon® Expressions™ Wood Desk Accessories, Oak"
Office Furnishings,Eldon Image Series Black Desk Accessories
Office Furnishings,"Eldon® Image Series Desk Accessories, Burgundy"
Office Furnishings,"Eldon Imàge® Series Desk Accessories, Clear"
Office Furnishings,Eldon Pizzaz™ Desk Accessories
Office Furnishings,Eldon Radial Chair Mat for Low to Medium Pile Carpets
Office Furnishings,"Eldon Regeneration Recycled Desk Accessories, Smoke"
Office Furnishings,Eldon Wave Desk Accessories
Office Furnishings,Eldon® Wave Desk Accessories
Office Furnishings,Electrix 20W Halogen Replacement Bulb for Zoom-In Desk Lamp
Office Furnishings,"Electrix Architect's Clamp-On Swing Arm Lamp, Black"
Office Furnishings,Electrix Fluorescent Magnifier Lamps & Weighted Base
Office Furnishings,Electrix Halogen Magnifier Lamp
Office Furnishings,"Electrix Incandescent Magnifying Lamp, Black"
Office Furnishings,"Executive Impressions 12"" Wall Clock"
Office Furnishings,"Executive Impressions 13-1/2"" Indoor/Outdoor Wall Clock"
Office Furnishings,"Executive Impressions 13"" Chairman Wall Clock"
Office Furnishings,"Executive Impressions 13"" Clairmont Wall Clock"
Office Furnishings,"Executive Impressions 14"""
Office Furnishings,"Executive Impressions 14"" Contract Wall Clock"
Office Furnishings,"Executive Impressions 14"" Contract Wall Clock with Quartz Movement"
Office Furnishings,"Executive Impressions 14"" Two-Color Numerals Wall Clock"
Office Furnishings,"Executive Impressions 8-1/2"" Career Panel/Partition Cubicle Clock"
Office Furnishings,Flat Face Poster Frame
Office Furnishings,"GE 48"" Fluorescent Tube, Cool White Energy Saver, 34 Watts, 30/Box"
Office Furnishings,"GE 4 Foot Flourescent Tube, 40 Watt"
Office Furnishings,G.E. Halogen Desk Lamp Bulbs
Office Furnishings,G.E. Longer-Life Indoor Recessed Floodlight Bulbs
Office Furnishings,Hand-Finished Solid Wood Document Frame
Office Furnishings,"Howard Miller 11-1/2"" Diameter Ridgewood Wall Clock"
Office Furnishings,Howard Miller 12-3/4 Diameter Accuwave DS ™ Wall Clock
Office Furnishings,"Howard Miller 13-3/4"" Diameter Brushed Chrome Round Wall Clock"
Office Furnishings,"Howard Miller 13"" Diameter Goldtone Round Wall Clock"
Office Furnishings,"Howard Miller 16"" Diameter Gallery Wall Clock"
Office Furnishings,Howard Miller Distant Time Traveler Alarm Clock
Office Furnishings,"Linden® 12"" Wall Clock With Oak Frame"
Office Furnishings,Luxo Adjustable Task Clamp Lamp
Office Furnishings,Luxo Economy Swing Arm Lamp
Office Furnishings,Luxo Professional Combination Clamp-On Lamps
Office Furnishings,Luxo Professional Fluorescent Magnifier Lamp with Clamp-Mount Base
Office Furnishings,Magna Visual Magnetic Picture Hangers
Office Furnishings,"Master Big Foot® Doorstop, Beige"
Office Furnishings,"Master Caster Door Stop, Brown"
Office Furnishings,"Master Caster Door Stop, Gray"
Office Furnishings,"Master Caster Door Stop, Large Neon Orange"
Office Furnishings,"Master Giant Foot® Doorstop, Safety Yellow"
Office Furnishings,Nu-Dell Executive Frame
Office Furnishings,Nu-Dell Float Frame 11 x 14 1/2
Office Furnishings,Nu-Dell Leatherette Frames
Office Furnishings,Regeneration Desk Collection
Office Furnishings,"Rubbermaid ClusterMat Chairmats, Mat Size- 66"" x 60"", Lip 20"" x 11"" -90 Degree Angle"
Office Furnishings,"Seth Thomas 12"" Clock w/ Goldtone Case"
Office Furnishings,"Seth Thomas 13 1/2"" Wall Clock"
Office Furnishings,"Seth Thomas 14"" Putty-Colored Wall Clock"
Office Furnishings,"Seth Thomas 8 1/2"" Cubicle Clock"
Office Furnishings,"Stacking Tray, Side-Loading, Legal, Smoke"
Office Furnishings,"Staples 10"" Round Wall Clock"
Office Furnishings,Staples Plastic Wall Frames
Office Furnishings,Telescoping Adjustable Floor Lamp
Office Furnishings,"Tenex 46"" x 60"" Computer Anti-Static Chairmat, Rectangular Shaped"
Office Furnishings,"Tenex 46"" x 60"" Computer Anti-Static Chairmat, Rectangular Shaped"
Office Furnishings,Tenex Antistatic Computer Chair Mats
Office Furnishings,Tenex B1-RE Series Chair Mats for Low Pile Carpets
Office Furnishings,"Tenex Carpeted, Granite-Look or Clear Contemporary Contour Shape Chair Mats"
Office Furnishings,"Tenex Contemporary Contur Chairmats for Low and Medium Pile Carpet, Computer, 39"" x 49"""
Office Furnishings,"Tenex Traditional Chairmats for Medium Pile Carpet, Standard Lip, 36"" x 48"""
Office Furnishings,Tensor Computer Mounted Lamp
Office Furnishings,"Tensor ""Hersey Kiss"" Styled Floor Lamp"
Office Furnishings,Ultra Commercial Grade Dual Valve Door Closer
Office Furnishings,Ultra Door Pull Handle
Office Furnishings,Ultra Door Push Plate
Office Furnishings,Westinghouse Clip-On Gooseneck Lamps
Office Furnishings,"Westinghouse Floor Lamp with Metal Mesh Shade, Black"
Office Machines,"210 Trimline Phone, White"
Office Machines,AT&T 1430 2.4GHz Analog Phone w/Caller ID
Office Machines,AT&T 2230 Dual Handset Phone With Caller ID/Call Waiting
Office Machines,"AT&T Black Trimline Phone, Model 210"
Office Machines,Canon BP1200DH 12-Digit Bubble Jet Printing Calculator
Office Machines,Canon F603 Scientific Calculator
Office Machines,Canon MP100DHII Printing Calculator
Office Machines,Canon MP25DIII Desktop Whisper-Quiet Printing Calculator
Office Machines,Canon MP41DH Printing Calculator
Office Machines,Canon P1-DHIII Palm Printing Calculator
Office Machines,Canon S750 Color Inkjet Printer
Office Machines,Epson C62 Color Inkjet Printer
Office Machines,Epson C82 Color Inkjet Printer
Office Machines,Epson DFX5000+ Dot Matrix Printer
Office Machines,Epson DFX-8500 Dot Matrix Printer
Office Machines,Epson FX-2180 Wide Format Dot Matrix Printer
Office Machines,Epson FX-980 Dot Matrix Printer
Office Machines,Epson LQ-570e Dot Matrix Printer
Office Machines,Epson LQ-870 Dot Matrix Printer
Office Machines,Epson Stylus 1520 Color Inkjet Printer
Office Machines,Hewlett-Packard 2600DN Business Color Inkjet Printer
Office Machines,Hewlett Packard 6S Scientific Calculator
Office Machines,"Hewlett-Packard Business Color Inkjet 3000 [N, DTN] Series Printers"
Office Machines,"Hewlett-Packard cp1700 [D, PS] Series Color Inkjet Printers"
Office Machines,Hewlett-Packard Deskjet 1220Cse Color Inkjet Printer
Office Machines,Hewlett-Packard Deskjet 3820 Color Inkjet Printer
Office Machines,Hewlett-Packard Deskjet 5550 Color Inkjet Printer
Office Machines,Hewlett-Packard Deskjet 6122 Color Inkjet Printer
Office Machines,Hewlett-Packard Deskjet 940 REFURBISHED Color Inkjet Printer
Office Machines,Lexmark 4227 Plus Dot Matrix Printer
Office Machines,Lexmark Z25 Color Inkjet Printer
Office Machines,Lexmark Z54se Color Inkjet Printer
Office Machines,Lexmark Z55se Color Inkjet Printer
Office Machines,Okidata ML184 Turbo Dot Matrix Printers
Office Machines,Okidata ML320 Series Turbo Dot Matrix Printers
Office Machines,Okidata ML390 Turbo Dot Matrix Printers
Office Machines,Okidata ML395C Color Dot Matrix Printer
Office Machines,Okidata ML520 Series Dot Matrix Printers
Office Machines,Okidata ML591 Wide Format Dot Matrix Printer
Office Machines,Okidata Pacemark 4410N Wide Format Dot Matrix Printer
Office Machines,Panasonic KX-P1131 Dot Matrix Printer
Office Machines,Panasonic KX-P1150 Dot Matrix Printer
Office Machines,Panasonic KX-P2130 Dot Matrix Printer
Office Machines,Panasonic KX-P3200 Dot Matrix Printer
Office Machines,Panasonic KX-P3626 Dot Matrix Printer
Office Machines,"Polycom Soundstation EX Audio-Conferencing Telephone, Black"
Office Machines,Polycom ViaVideo™ Desktop Video Communications Unit
Office Machines,Polycom ViewStation™ Adapter H323 Videoconferencing Unit
Office Machines,Polycom ViewStation™ ISDN Videoconferencing Unit
Office Machines,Polycom VoiceStation 100
Office Machines,Sharp EL500L Fraction Calculator
Office Machines,"Sharp EL501VB Scientific Calculator, Battery Operated, 10-Digit Display, Hard Case"
Office Machines,"Soundgear Copyboard Conference Phone, Optional Battery"
Office Machines,Soundgear TeleForum DX Desktop Conference Phone
Office Machines,TI 30X Scientific Calculator
Office Machines,TI 36X Solar Scientific Calculator
Paper,14-7/8 x 11 Blue Bar Computer Printout Paper
Paper,"1/4 Fold Party Design Invitations & White Envelopes, 24 8-1/2"" X 11"" Cards, 25 Env./Pack"
Paper,"Adams Phone Message Book, 200 Message Capacity, 8 1/16” x 11”"
Paper,"Adams Phone Message Book, Professional, 400 Message Capacity, 5 3/6” x 11”"
Paper,"Adams Telephone Message Books, 5 1/4” x 11”"
Paper,"Adams Telephone Message Book W/Dividers/Space For Phone Numbers, 5 1/4""X8 1/2"", 200/Messages"
Paper,"Adams Telephone Message Book W/Dividers/Space For Phone Numbers, 5 1/4""X8 1/2"", 300/Messages"
Paper,"Adams Telephone Message Book w/Frequently-Called Numbers Space, 400 Messages per Book"
Paper,"Adams ""While You Were Out"" Message Pads"
Paper,"Adams Write n' Stick Phone Message Book, 11"" X 5 1/4"", 200 Messages"
Paper,"Ampad® Evidence® Wirebond Steno Books, 6"" x 9"""
Paper,Array® Memo Cubes
Paper,"Array® Parchment Paper, Assorted Colors"
Paper,Astroparche® Fine Business Paper
Paper,Avoid Verbal Orders Carbonless Minifold Book
Paper,"Black Print Carbonless 8 1/2"" x 8 1/4"" Rapid Memo Book"
Paper,"Black Print Carbonless Snap-Off® Rapid Letter, 8 1/2"" x 7"""
Paper,Computer Printout Paper with Letter-Trim Perforations
Paper,"Eaton Premium Continuous-Feed Paper, 25% Cotton, Letter Size, White, 1000 Shts/Box"
Paper,EcoTones® Memo Sheets
Paper,"Eureka Recycled Copy Paper 8 1/2"" x 11"", Ream"
Paper,"Geographics Note Cards, Blank, White, 8 1/2"" x 11"""
Paper,Hammermill Color Copier Paper (28Lb. and 96 Bright)
Paper,Hammermill CopyPlus Copy Paper (20Lb. and 84 Bright)
Paper,HP Office Paper (20Lb. and 87 Bright)
Paper,HP Office Recycled Paper (20Lb. and 87 Bright)
Paper,"IBM Multi-Purpose Copy Paper, 8 1/2 x 11"", Case"
Paper,"Important Message Pads, 50 4-1/4 x 5-1/2 Forms per Pad"
Paper,"It's Hot Message Books with Stickers, 2 3/4"" x 5"""
Paper,"Memo Book, 100 Message Capacity, 5 3/8” x 11”"
Paper,"Message Book, Standard Line ""While You Were Out"", 5 1/2"" X 4"", 200 Sets/Book"
Paper,Multicolor Computer Printout Paper
Paper,Personal Creations™ Ink Jet Cards and Labels
Paper,"Post-it® “Important Message” Note Pad, Neon Colors, 50 Sheets/Pad"
Paper,"Recycled Desk Saver Line ""While You Were Out"" Book, 5 1/2"" X 4"""
Paper,"REDIFORM Incoming/Outgoing Call Register, 11"" X 8 1/2"", 100 Messages"
Paper,Rediform S.O.S. Phone Message Books
Paper,"Rediform Wirebound ""Phone Memo"" Message Book, 11 x 5-3/4"
Paper,Riverleaf Stik-Withit® Designer Note Cubes®
Paper,"Snap-A-Way® Black Print Carbonless Ruled Speed Letter, Triplicate"
Paper,"Snap-A-Way® Black Print Carbonless Speed Message, No Reply Area, Duplicate"
Paper,Southworth 25% Cotton Antique Laid Paper & Envelopes
Paper,Southworth 25% Cotton Linen-Finish Paper & Envelopes
Paper,Southworth 25% Cotton Premium Laser Paper and Envelopes
Paper,Southworth Structures Collection™
Paper,"Speediset Carbonless Redi-Letter® 7"" x 8 1/2"""
Paper,Spiral Phone Message Books with Labels by Adams
Paper,Standard Line™ “While You Were Out” Hardbound Telephone Message Book
Paper,Staples 1 Part Blank Computer Paper
Paper,Staples Colored Bar Computer Paper
Paper,Staples Copy Paper (20Lb. and 84 Bright)
Paper,Staples Premium Bright 1-Part Blank Computer Paper
Paper,"Staples Wirebound Steno Books, 6"" x 9"", 12/Pack"
Paper,Strathmore Photo Mount Cards
Paper,"Telephone Message Books with Fax/Mobile Section, 4 1/4"" x 6"""
Paper,"Telephone Message Books with Fax/Mobile Section, 5 1/2"" x 3 3/16"""
Paper,"TOPS Money Receipt Book, Consecutively Numbered in Red,"
Paper,"TOPS Voice Message Log Book, Flash Format"
Paper,Universal Premium White Copier/Laser Paper (20Lb. and 87 Bright)
Paper,Unpadded Memo Slips
Paper,"""While you Were Out"" Message Book, One Form per Page"
Paper,"While You Were Out Pads, 50 per Pad, 4 x 5 1/4, Green Cycle"
Paper,"White Dual Perf Computer Printout Paper, 2700 Sheets, 1 Part, Heavyweight, 20 lbs., 14 7/8 x 11"
Paper,White GlueTop Scratch Pads
Paper,"Wirebound Four 2-3/4 x 5 Forms per Page, 400 Sets per Book"
Paper,"Wirebound Message Book, 4 per Page"
Paper,"Wirebound Message Books, 2 7/8"" x 5"", 3 Forms per Page"
Paper,"Wirebound Message Books, 5-1/2 x 4 Forms, 2 or 4 Forms per Page"
Paper,"Wirebound Message Books, Four 2 3/4"" x 5"" Forms per Page, 600 Sets per Book"
Paper,"Wirebound Message Forms, Four 2 3/4 x 5 Forms per Page, Pink Paper"
Paper,"Wirebound Service Call Books, 5 1/2"" x 4"""
Paper,Wirebound Voice Message Log Book
Paper,Xerox 188
Paper,Xerox 1880
Paper,Xerox 1881
Paper,Xerox 1882
Paper,Xerox 1883
Paper,Xerox 1885
Paper,Xerox 1887
Paper,Xerox 1888
Paper,Xerox 1891
Paper,Xerox 1892
Paper,Xerox 1893
Paper,Xerox 1894
Paper,Xerox 1895
Paper,Xerox 1896
Paper,Xerox 1897
Paper,Xerox 1898
Paper,Xerox 1899
Paper,Xerox 19
Paper,Xerox 190
Paper,Xerox 1903
Paper,Xerox 1904
Paper,Xerox 1905
Paper,Xerox 1906
Paper,Xerox 1907
Paper,Xerox 1908
Paper,Xerox 191
Paper,Xerox 1910
Paper,Xerox 1916
Paper,Xerox 1917
Paper,Xerox 1919
Paper,Xerox 1920
Paper,Xerox 1922
Paper,Xerox 1923
Paper,Xerox 1924
Paper,Xerox 1926
Paper,Xerox 1927
Paper,Xerox 1928
Paper,Xerox 1929
Paper,Xerox 193
Paper,Xerox 1930
Paper,Xerox 1932
Paper,Xerox 1933
Paper,Xerox 1934
Paper,Xerox 1935
Paper,Xerox 1936
Paper,Xerox 1937
Paper,Xerox 1938
Paper,Xerox 1939
Paper,Xerox 194
Paper,Xerox 1940
Paper,Xerox 1941
Paper,Xerox 1947
Paper,Xerox 1948
Paper,Xerox 1949
Paper,Xerox 195
Paper,Xerox 1950
Paper,Xerox 1951
Paper,Xerox 1952
Paper,Xerox 1953
Paper,Xerox 1954
Paper,Xerox 1959
Paper,Xerox 196
Paper,Xerox 1961
Paper,Xerox 1962
Paper,Xerox 1963
Paper,Xerox 1964
Paper,Xerox 1966
Paper,Xerox 1968
Paper,Xerox 197
Paper,Xerox 1971
Paper,Xerox 1972
Paper,Xerox 1973
Paper,Xerox 1974
Paper,Xerox 1976
Paper,Xerox 1977
Paper,Xerox 1978
Paper,Xerox 1979
Paper,Xerox 198
Paper,Xerox 1980
Paper,Xerox 1981
Paper,Xerox 1982
Paper,Xerox 1983
Paper,Xerox 1984
Paper,Xerox 1985
Paper,Xerox 1986
Paper,Xerox 1988
Paper,Xerox 1989
Paper,Xerox 199
Paper,Xerox 1991
Paper,Xerox 1992
Paper,Xerox 1993
Paper,Xerox 1994
Paper,Xerox 1995
Paper,Xerox 1996
Paper,Xerox 1997
Paper,Xerox 1998
Paper,Xerox 2
Paper,Xerox 20
Paper,Xerox 200
Paper,Xerox 204
Paper,Xerox 207
Paper,Xerox 209
Paper,Xerox 21
Paper,Xerox 210
Paper,Xerox 212
Paper,Xerox 213
Paper,Xerox 214
Paper,Xerox 215
Paper,Xerox 216
Paper,Xerox 217
Paper,Xerox 220
Paper,Xerox 221
Paper,Xerox 223
Paper,Xerox 224
Paper,Xerox 226
Paper,Xerox 227
Paper,Xerox 229
Paper,Xerox 23
Paper,Xerox 231
Paper,Xerox 4200 Series MultiUse Premium Copy Paper (20Lb. and 84 Bright)
Paper,Xerox Blank Computer Paper
Pens & Art Supplies,12 Colored Short Pencils
Pens & Art Supplies,4009® Highlighters by Sanford
Pens & Art Supplies,"Avery Hi-Liter Comfort Grip Fluorescent Highlighter, Yellow Ink"
Pens & Art Supplies,"Avery Hi-Liter® EverBold™ Pen Style Fluorescent Highlighters, 4/Pack"
Pens & Art Supplies,Avery Hi-Liter® Fluorescent Desk Style Markers
Pens & Art Supplies,"Avery Hi-Liter GlideStik Fluorescent Highlighter, Yellow Ink"
Pens & Art Supplies,Avery Hi-Liter Pen Style Six-Color Fluorescent Set
Pens & Art Supplies,Avery Hi-Liter® Smear-Safe Highlighters
Pens & Art Supplies,Barrel Sharpener
Pens & Art Supplies,Berol Giant Pencil Sharpener
Pens & Art Supplies,"Binney & Smith Crayola® Metallic Colored Pencils, 8-Color Set"
Pens & Art Supplies,"Binney & Smith inkTank™ Erasable Desk Highlighter, Chisel Tip, Yellow, 12/Box"
Pens & Art Supplies,"Binney & Smith inkTank™ Erasable Pocket Highlighter, Chisel Tip, Yellow"
Pens & Art Supplies,Blackstonian Pencils
Pens & Art Supplies,Boston 1645 Deluxe Heavier-Duty Electric Pencil Sharpener
Pens & Art Supplies,Boston 16701 Slimline Battery Pencil Sharpener
Pens & Art Supplies,Boston 16765 Mini Stand Up Battery Pencil Sharpener
Pens & Art Supplies,Boston 16801 Nautilus™ Battery Pencil Sharpener
Pens & Art Supplies,Boston 1730 StandUp Electric Pencil Sharpener
Pens & Art Supplies,Boston 1799 Powerhouse™ Electric Pencil Sharpener
Pens & Art Supplies,Boston 19500 Mighty Mite Electric Pencil Sharpener
Pens & Art Supplies,"Boston Electric Pencil Sharpener, Model 1818, Charcoal Black"
Pens & Art Supplies,Boston KS Multi-Size Manual Pencil Sharpener
Pens & Art Supplies,"Boston Model 1800 Electric Pencil Sharpener, Gray"
Pens & Art Supplies,"BOSTON® Ranger® #55 Pencil Sharpener, Black"
Pens & Art Supplies,"Boston School Pro Electric Pencil Sharpener, 1670"
Pens & Art Supplies,Col-Erase® Pencils with Erasers
Pens & Art Supplies,Colorific® Watercolor Pencils
Pens & Art Supplies,"Crayola Anti Dust Chalk, 12/Pack"
Pens & Art Supplies,Crayola Colored Pencils
Pens & Art Supplies,"Dixon My First Ticonderoga Pencil, #2"
Pens & Art Supplies,DIXON Oriole® Pencils
Pens & Art Supplies,"Dixon Prang® Watercolor Pencils, 10-Color Set with Brush"
Pens & Art Supplies,Dixon Ticonderoga Core-Lock Colored Pencils
Pens & Art Supplies,"Dixon Ticonderoga Core-Lock Colored Pencils, 48-Color Set"
Pens & Art Supplies,DIXON Ticonderoga® Erasable Checking Pencils
Pens & Art Supplies,"Dixon Ticonderoga® Erasable Colored Pencil Set, 12-Color"
Pens & Art Supplies,"Eldon Spacemaker® Box, Quick-Snap Lid, Clear"
Pens & Art Supplies,Fluorescent Highlighters by Dixon
Pens & Art Supplies,Hunt Boston® Vacuum Mount KS Pencil Sharpener
Pens & Art Supplies,"Hunt BOSTON® Vista® Battery-Operated Pencil Sharpener, Black"
Pens & Art Supplies,Lumber Crayons
Pens & Art Supplies,Model L Table or Wall-Mount Pencil Sharpener
Pens & Art Supplies,Newell 307
Pens & Art Supplies,Newell 308
Pens & Art Supplies,Newell 309
Pens & Art Supplies,Newell 31
Pens & Art Supplies,Newell 310
Pens & Art Supplies,Newell 312
Pens & Art Supplies,Newell 314
Pens & Art Supplies,Newell 315
Pens & Art Supplies,Newell 318
Pens & Art Supplies,Newell 320
Pens & Art Supplies,Newell 321
Pens & Art Supplies,Newell 323
Pens & Art Supplies,Newell 325
Pens & Art Supplies,Newell 326
Pens & Art Supplies,Newell 327
Pens & Art Supplies,Newell 329
Pens & Art Supplies,Newell 332
Pens & Art Supplies,Newell 333
Pens & Art Supplies,Newell 335
Pens & Art Supplies,Newell 336
Pens & Art Supplies,Newell 337
Pens & Art Supplies,Newell 338
Pens & Art Supplies,Newell 339
Pens & Art Supplies,Newell 340
Pens & Art Supplies,Newell 342
Pens & Art Supplies,Newell 343
Pens & Art Supplies,Newell 346
Pens & Art Supplies,Newell 35
Pens & Art Supplies,Newell 351
Pens & Art Supplies,Panasonic KP-150 Electric Pencil Sharpener
Pens & Art Supplies,Panasonic KP-310 Heavy-Duty Electric Pencil Sharpener
Pens & Art Supplies,Panasonic KP-350BK Electric Pencil Sharpener with Auto Stop
Pens & Art Supplies,Peel-Off® China Markers
Pens & Art Supplies,Prang Colored Pencils
Pens & Art Supplies,Prang Drawing Pencil Set
Pens & Art Supplies,Prang Dustless Chalk Sticks
Pens & Art Supplies,"Premium Writing Pencils, Soft, #2 by Central Association for the Blind"
Pens & Art Supplies,Prismacolor Color Pencil Set
Pens & Art Supplies,"Quartet Alpha® White Chalk, 12/Pack"
Pens & Art Supplies,"Quartet Omega® Colored Chalk, 12/Pack"
Pens & Art Supplies,Rogers Handheld Barrel Pencil Sharpener
Pens & Art Supplies,Sanford 52201 APSCO Electric Pencil Sharpener
Pens & Art Supplies,"Sanford Colorific Colored Pencils, 12/Box"
Pens & Art Supplies,"Sanford Colorific® Eraseable Coloring Pencils, 12 Count"
Pens & Art Supplies,"Sanford EarthWrite® Recycled Pencils, Medium Soft, #2"
Pens & Art Supplies,Sanford Liquid Accent Highlighters
Pens & Art Supplies,SANFORD Liquid Accent™ Tank-Style Highlighters
Pens & Art Supplies,SANFORD Major Accent™ Highlighters
Pens & Art Supplies,Sanford Pocket Accent® Highlighters
Pens & Art Supplies,"Sanford Prismacolor® Professional Thick Lead Art Pencils, 36-Color Set"
Pens & Art Supplies,"Sanford Uni-Blazer™ View Highlighters, Chisel Tip, Yellow"
Pens & Art Supplies,Stanley Bostitch Contemporary Electric Pencil Sharpeners
Pens & Art Supplies,Staples Battery-Operated Desktop Pencil Sharpener
Pens & Art Supplies,*Staples* Highlighting Markers
Pens & Art Supplies,"Staples Pen Style Liquid Stix; Assorted (yellow, pink, green, blue, orange), 5/Pack"
Pens & Art Supplies,Staples SlimLine Pencil Sharpener
Pens & Art Supplies,Turquoise Lead Holder with Pocket Clip
Pens & Art Supplies,Zebra Zazzle Fluorescent Highlighters
Rubber Bands,"Acco Clips to Go™ Binder Clips, 24 Clips in Two Sizes"
Rubber Bands,Acco® Hot Clips™ Clips to Go
Rubber Bands,Advantus Map Pennant Flags and Round Head Tacks
Rubber Bands,Advantus Plastic Paper Clips
Rubber Bands,Advantus Push Pins
Rubber Bands,"Advantus Push Pins, Aluminum Head"
Rubber Bands,Advantus SlideClip™ Paper Clips
Rubber Bands,Alliance Rubber Bands
Rubber Bands,Assorted Color Push Pins
Rubber Bands,Bagged Rubber Bands
Rubber Bands,Binder Clips by OIC
Rubber Bands,"Brites Rubber Bands, 1 1/2 oz. Box"
Rubber Bands,Colored Push Pins
Rubber Bands,OIC Bulk Pack Metal Binder Clips
Rubber Bands,"OIC Colored Binder Clips, Assorted Sizes"
Rubber Bands,OIC Thumb-Tacks
Rubber Bands,Plymouth Boxed Rubber Bands by Plymouth
Rubber Bands,Revere Boxed Rubber Bands by Revere
Rubber Bands,Rubber Band Ball
Rubber Bands,Staples Bulk Pack Metal Binder Clips
Rubber Bands,Staples Bulldog Clip
Rubber Bands,Staples Gold Paper Clips
Rubber Bands,Staples Metal Binder Clips
Rubber Bands,Staples Paper Clips
Rubber Bands,Staples Pushpins
Rubber Bands,Staples Vinyl Coated Paper Clips
Rubber Bands,"Staples Vinyl Coated Paper Clips, 800/Box"
Rubber Bands,Sterling Rubber Bands by Alliance
Rubber Bands,Stockwell Push Pins
Rubber Bands,"Super Bands, 12/Pack"
"Scissors, Rulers and Trimmers","Acme® 8"" Straight Scissors"
"Scissors, Rulers and Trimmers",Acme® Box Cutter Scissors
"Scissors, Rulers and Trimmers","Acme Design Line 8"" Stainless Steel Bent Scissors w/Champagne Handles, 3-1/8"" Cut"
"Scissors, Rulers and Trimmers",Acme® Design Stainless Steel Bent Scissors
"Scissors, Rulers and Trimmers",Acme® Elite Stainless Steel Scissors
"Scissors, Rulers and Trimmers",Acme® Forged Steel Scissors with Black Enamel Handles
"Scissors, Rulers and Trimmers",Acme Galleria® Hot Forged Steel Scissors with Colored Handles
"Scissors, Rulers and Trimmers","Acme Hot Forged Carbon Steel Scissors with Nickel-Plated Handles, 3 7/8"" Cut, 8""L"
"Scissors, Rulers and Trimmers",Acme Kleencut® Forged Steel Scissors
"Scissors, Rulers and Trimmers",Acme® Office Executive Series Stainless Steel Trimmers
"Scissors, Rulers and Trimmers",Acme® Preferred Stainless Steel Scissors
"Scissors, Rulers and Trimmers","Elite 5"" Scissors"
"Scissors, Rulers and Trimmers","Fiskars 8"" Scissors, 2/Pack"
"Scissors, Rulers and Trimmers",Fiskars® Softgrip Scissors
"Scissors, Rulers and Trimmers",High Speed Automatic Electric Letter Opener
"Scissors, Rulers and Trimmers",Kleencut® Forged Office Shears by Acme United Corporation
"Scissors, Rulers and Trimmers",Letter Slitter
"Scissors, Rulers and Trimmers",Martin Yale Chadless Opener Electric Letter Opener
"Scissors, Rulers and Trimmers",Martin-Yale Premier Letter Opener
"Scissors, Rulers and Trimmers",Serrated Blade or Curved Handle Hand Letter Openers
"Scissors, Rulers and Trimmers",*Staples* Letter Opener
"Scissors, Rulers and Trimmers","*Staples* vLetter Openers, 2/Pack"
Storage & Organization,2300 Heavy-Duty Transfer File Systems by Perma
Storage & Organization,"24 Capacity Maxi Data Binder Racks, Pearl"
Storage & Organization,Acco Perma® 2700 Stacking Storage Drawers
Storage & Organization,Acco Perma® 3000 Stacking Storage Drawers
Storage & Organization,"Advantus 10-Drawer Portable Organizer, Chrome Metal Frame, Smoke Drawers"
Storage & Organization,Advantus Rolling Storage Box
Storage & Organization,Belkin OmniView SE Rackmount Kit
Storage & Organization,"Carina 42""Hx23 3/4""W Media Storage Unit"
Storage & Organization,Carina Double Wide Media Storage Towers in Natural & Black
Storage & Organization,"Carina Mini System Audio Rack, Model AR050B"
Storage & Organization,"Companion Letter/Legal File, Black"
Storage & Organization,Crate-A-Files™
Storage & Organization,Decoflex Hanging Personal Folder File
Storage & Organization,"Decoflex Hanging Personal Folder File, Blue"
Storage & Organization,Deluxe Rollaway Locking File with Drawer
Storage & Organization,Desktop 3-Pocket Hot File®
Storage & Organization,"Dual Level, Single-Width Filing Carts"
Storage & Organization,Economy Rollaway Files
Storage & Organization,"Eldon Base for stackable storage shelf, platinum"
Storage & Organization,Eldon® Gobal File Keepers
Storage & Organization,Eldon Jumbo ProFile™ Portable File Boxes Graphite/Black
Storage & Organization,Eldon Portable Mobile Manager
Storage & Organization,Eldon Shelf Savers™ Cubes and Bins
Storage & Organization,Eldon Simplefile® Box Office®
Storage & Organization,Fellowes Bankers Box™ Staxonsteel® Drawer File/Stacking System
Storage & Organization,Fellowes Bankers Box™ Stor/Drawer® Steel Plus™
Storage & Organization,Fellowes Bases and Tops For Staxonsteel®/High-Stak® Systems
Storage & Organization,Fellowes High-Stak® Drawer Files
Storage & Organization,"Fellowes Mobile File Cart, Black"
Storage & Organization,Fellowes Neat Ideas® Storage Cubes
Storage & Organization,Fellowes Officeware™ Wire Shelving
Storage & Organization,"Fellowes Personal Hanging Folder Files, Navy"
Storage & Organization,Fellowes Recycled Storage Drawers
Storage & Organization,Fellowes Staxonsteel® Drawer Files
Storage & Organization,Fellowes Stor/Drawer® Steel Plus™ Storage Drawers
Storage & Organization,"Fellowes Strictly Business® Drawer File, Letter/Legal Size"
Storage & Organization,Fellowes Super Stor/Drawer®
Storage & Organization,Fellowes Super Stor/Drawer® Files
Storage & Organization,"File Shuttle II and Handi-File, Black"
Storage & Organization,Filing/Storage Totes and Swivel Casters
Storage & Organization,"Gould Plastics 9-Pocket Panel Bin, 18-3/8w x 5-1/4d x 20-1/2h, Black"
Storage & Organization,Hanging Personal Folder File
Storage & Organization,Home/Office Personal File Carts
Storage & Organization,"Hot File® 7-Pocket, Floor Stand"
Storage & Organization,Iceberg Mobile Mega Data/Printer Cart ®
Storage & Organization,"Iris® 3-Drawer Stacking Bin, Black"
Storage & Organization,Iris Project Case
Storage & Organization,"Letter/Legal File Tote with Clear Snap-On Lid, Black Granite"
Storage & Organization,Letter Size Cart
Storage & Organization,"Multi-Use Personal File Cart and Caster Set, Three Stacking Bins"
Storage & Organization,Office Impressions Heavy Duty Welded Shelving & Multimedia Storage Drawers
Storage & Organization,"Perma STOR-ALL™ Hanging File Box, 13 1/8""W x 12 1/4""D x 10 1/2""H"
Storage & Organization,Pizazz® Global Quick File™
Storage & Organization,Portable Personal File Box
Storage & Organization,Portfile® Personal File Boxes
Storage & Organization,Project Tote Personal File
Storage & Organization,Recycled Eldon Regeneration Jumbo File
Storage & Organization,Recycled Steel Personal File for Standard File Folders
Storage & Organization,Rogers® Profile Extra Capacity Storage Tub
Storage & Organization,SAFCO Boltless Steel Shelving
Storage & Organization,"SAFCO Commercial Wire Shelving, Black"
Storage & Organization,Safco Industrial Wire Shelving
Storage & Organization,"SAFCO Mobile Desk Side File, Wire Frame"
Storage & Organization,"Sauder Facets Collection Locker/File Cabinet, Sky Alder Finish"
Storage & Organization,Sensible Storage WireTech Storage Systems
Storage & Organization,"SimpliFile™ Personal File, Black Granite, 15w x 6-15/16d x 11-1/4h"
Storage & Organization,Smead Adjustable Mobile File Trolley with Lockable Top
Storage & Organization,Space Solutions Commercial Steel Shelving
Storage & Organization,Space Solutions™ Industrial Galvanized Steel Shelving.
Storage & Organization,Staples File Caddy
Storage & Organization,Steel Personal Filing/Posting Tote
Storage & Organization,Sterilite Officeware Hinged File Box
Storage & Organization,Super Decoflex Portable Personal File
Storage & Organization,"Tenex File Box, Personal Filing Tote with Lid, Black"
Storage & Organization,"Tenex Personal Filing Tote With Secure Closure Lid, Black/Frost"
Storage & Organization,"Tenex Personal Project File with Scoop Front Design, Black"
Storage & Organization,"Tenex Personal Self-Stacking Standard File Box, Black/Gray"
Storage & Organization,Tennsco Commercial Shelving
Storage & Organization,Tennsco Double-Tier Lockers
Storage & Organization,Tennsco Industrial Shelving
Storage & Organization,"Tennsco Lockers, Gray"
Storage & Organization,"Tennsco Lockers, Sand"
Storage & Organization,Tennsco Regal Shelving Units
Storage & Organization,"Tennsco Snap-Together Open Shelving Units, Starter Sets and Add-On Units"
Storage & Organization,"Tennsco Stur-D-Stor Boltless Shelving, 5 Shelves, 24"" Deep, Sand"
Storage & Organization,"Trav-L-File Heavy-Duty Shuttle II, Black"
Storage & Organization,X-Rack™ File for Hanging Folders
Tables,Anderson Hickey Conga Table Tops & Accessories
Tables,Balt Solid Wood Rectangular Table
Tables,Balt Split Level Computer Training Table
Tables,"Barricks 18"" x 48"" Non-Folding Utility Table with Bottom Storage Shelf"
Tables,"Barricks Non-Folding Utility Table with Steel Legs, Laminate Tops"
Tables,Bevis 36 x 72 Conference Tables
Tables,Bevis Boat-Shaped Conference Table
Tables,Bevis Rectangular Conference Tables
Tables,"Bevis Round Bullnose 29"" High Table Top"
Tables,Bevis Round Conference Room Tables and Bases
Tables,Bevis Round Conference Table Top & Single Column Base
Tables,"Bevis Round Conference Table Top, X-Base"
Tables,BoxOffice By Design Rectangular and Half-Moon Meeting Room Tables
Tables,BPI Conference Tables
Tables,Bretford CR4500 Series Slim Rectangular Table
Tables,Bretford CR8500 Series Meeting Room Furniture
Tables,Bretford “Just In Time” Height-Adjustable Multi-Task Work Tables
Tables,Bretford Rectangular Conference Table Tops
Tables,Bush Advantage Collection® Racetrack Conference Table
Tables,Bush Advantage Collection® Round Conference Table
Tables,"Bush® Cubix Conference Tables, Fully Assembled"
Tables,"Chromcraft 48"" x 96"" Racetrack Double Pedestal Table"
Tables,"Chromcraft Bull-Nose Wood 48"" x 96"" Rectangular Conference Tables"
Tables,Chromcraft Bull-Nose Wood Oval Conference Tables & Bases
Tables,"Chromcraft Bull-Nose Wood Round Conference Table Top, Wood Base"
Tables,Chromcraft Rectangular Conference Tables
Tables,Global Adaptabilities™ Conference Tables
Tables,Hon 2111 Invitation™ Series Corner Table
Tables,Hon 4060 Series Tables
Tables,Hon 5100 Series Wood Tables
Tables,Hon 61000 Series Interactive Training Tables
Tables,Hon 94000 Series Round Tables
Tables,Hon iLevel™ Computer Training Table
Tables,Hon Non-Folding Utility Tables
Tables,Hon Rectangular Conference Tables
Tables,"Iceberg OfficeWorks 42"" Round Tables"
Tables,KI Conference Tables
Tables,Laminate Occasional Tables
Tables,"Lesro Round Back Collection Coffee Table, End Table"
Tables,"Lesro Sheffield Collection Coffee Table, End Table, Center Table, Corner Table"
Tables,Riverside Furniture Stanwyck Manor Table Series
Tables,"SAFCO PlanMaster Heigh-Adjustable Drafting Table Base, 43w x 30d x 30-37h, Black"
Telephones and Communication,1726 Digital Answering Machine
Telephones and Communication,2160
Telephones and Communication,2160i
Telephones and Communication,2180
Telephones and Communication,2190
Telephones and Communication,232
Telephones and Communication,252
Telephones and Communication,270c
Telephones and Communication,282
Telephones and Communication,300 Series Non-Flip
Telephones and Communication,3285
Telephones and Communication,3390
Telephones and Communication,3395
Telephones and Communication,5125
Telephones and Communication,5165
Telephones and Communication,5170
Telephones and Communication,5170i
Telephones and Communication,5180
Telephones and Communication,5185
Telephones and Communication,5190
Telephones and Communication,6000
Telephones and Communication,600 Series Flip
Telephones and Communication,600 Series Non-Flip
Telephones and Communication,6120
Telephones and Communication,6160
Telephones and Communication,6162
Telephones and Communication,6162i
Telephones and Communication,6162m
Telephones and Communication,6185
Telephones and Communication,6190
Telephones and Communication,6340
Telephones and Communication,636
Telephones and Communication,688
Telephones and Communication,7160
Telephones and Communication,8260
Telephones and Communication,8290
Telephones and Communication,8860
Telephones and Communication,8890
Telephones and Communication,A1228
Telephones and Communication,Accessory1
Telephones and Communication,Accessory12
Telephones and Communication,Accessory13
Telephones and Communication,Accessory15
Telephones and Communication,Accessory17
Telephones and Communication,Accessory2
Telephones and Communication,Accessory20
Telephones and Communication,Accessory21
Telephones and Communication,Accessory23
Telephones and Communication,Accessory24
Telephones and Communication,Accessory25
Telephones and Communication,Accessory27
Telephones and Communication,Accessory28
Telephones and Communication,Accessory29
Telephones and Communication,Accessory31
Telephones and Communication,Accessory32
Telephones and Communication,Accessory34
Telephones and Communication,Accessory35
Telephones and Communication,Accessory36
Telephones and Communication,Accessory37
Telephones and Communication,Accessory39
Telephones and Communication,Accessory4
Telephones and Communication,Accessory41
Telephones and Communication,Accessory6
Telephones and Communication,Accessory8
Telephones and Communication,Accessory9
Telephones and Communication,Bell Sonecor JB700 Caller ID
Telephones and Communication,CF 688
Telephones and Communication,CF 888
Telephones and Communication,DPC 650 Piper
Telephones and Communication,ELITE Series
Telephones and Communication,g520
Telephones and Communication,i1000
Telephones and Communication,i1000plus
Telephones and Communication,i2000
Telephones and Communication,i270
Telephones and Communication,i470
Telephones and Communication,i500plus
Telephones and Communication,i600
Telephones and Communication,I888 World Phone
Telephones and Communication,iDEN i550
Telephones and Communication,iDENi80s
Telephones and Communication,iDEN i95
Telephones and Communication,KF 788
Telephones and Communication,KH 688
Telephones and Communication,LX 677
Telephones and Communication,LX 788
Telephones and Communication,M3682
Telephones and Communication,M70
Telephones and Communication,MicroTAC 650
Telephones and Communication,"Panasonic All Digital Answering System with Caller ID*, KX-TM150B"
Telephones and Communication,Phone 918
Telephones and Communication,R280
Telephones and Communication,R289LX
Telephones and Communication,R380
Telephones and Communication,SC-3160
Telephones and Communication,SC7868i
Telephones and Communication,SouthWestern Bell FA970 Digital Answering Machine with Time/Day Stamp
Telephones and Communication,StarTAC 3000
Telephones and Communication,StarTAC 6500
Telephones and Communication,StarTAC 7760
Telephones and Communication,StarTAC 7797
Telephones and Communication,StarTAC 8000
Telephones and Communication,StarTAC Analog
Telephones and Communication,StarTAC Series
Telephones and Communication,StarTAC ST7762
Telephones and Communication,StarTAC ST7868
Telephones and Communication,T18
Telephones and Communication,T193
Telephones and Communication,T28 WORLD
Telephones and Communication,T39m
Telephones and Communication,T60
Telephones and Communication,T61
Telephones and Communication,T65
Telephones and Communication,Talkabout T8097
Telephones and Communication,Talkabout T8367
Telephones and Communication,Timeport L7089
Telephones and Communication,TimeportP7382
Telephones and Communication,TIMEPORT P8767
Telephones and Communication,V2397
Telephones and Communication,V 3600 Series
Telephones and Communication,V3682
Telephones and Communication,V66
Telephones and Communication,V70
Telephones and Communication,V8160
Telephones and Communication,V8162
Telephones and Communication,VTech VT20-2481 2.4GHz Two-Line Phone System w/Answering Machine
